UnitID,Longitude,Latitude
177834,-92.589183,40.193648
222178,-99.709797,32.468943
138558,-83.528281,31.481889
108232,-122.400578,37.787943
126182,-105.879642,37.473636
188429,-73.653321,40.721439
142832,-87.629156,41.882414
168528,-84.061481,41.898591
133872,-81.367687,28.576142
138600,-84.295459,33.769268
217615,-81.841666,33.533833
126207,-104.763415,40.409559
200697,-84.082618,39.782221
100654,-86.568502,34.783368
100724,-86.295677,32.364317
199786,-79.357657,36.066683
188526,-73.779063,42.650371
138716,-84.141825,31.56928
138682,-84.174284,31.55434
385415,-73.846327,40.852847
128498,-72.923848,41.332519
168546,-84.745639,42.245049
241331,-66.113908,18.466573
210571,-75.909742,40.361351
175342,-91.142854,31.877216
172918,-95.372369,45.873107
188641,-77.788106,42.254476
108807,-120.421144,34.943716
161688,-78.730398,39.652152
210669,-80.147168,41.64869
154642,-95.396377,37.938038
110468,-117.094398,32.897056
168591,-84.672053,43.38004
168607,-83.445069,45.081647
210775,-75.936754,40.310028
238193,-87.965174,42.982842
222567,-95.240671,29.396244
222576,-101.846988,35.187839
222628,-96.65302,32.859931
441052,-117.975599,33.849912
109040,-118.292481,34.079323
447768,-117.583814,34.068204
449889,-86.160161,39.76975
210809,-75.394652,40.101644
443599,-122.675858,45.486902
445027,-111.804036,33.278816
438586,-84.354907,33.938779
164447,-72.558338,42.112346
188854,-73.987549,40.772275
449339,-77.860121,39.287826
109208,-121.349672,38.65085
240736,-170.742774,-14.322636
460738,-73.081497,41.535549
131159,-77.088875,38.936005
447263,-111.892792,40.527932
164465,-72.518493,42.372459
483595,-81.30843,28.482195
217633,-82.640358,34.5152
150066,-85.664315,40.112768
168740,-86.355815,41.963859
222822,-94.731625,31.287444
222831,-100.465051,31.440914
164492,-71.91896,42.330542
161767,-76.512223,39.049813
172954,-93.416087,45.216709
172963,-93.351697,45.172978
109350,-118.186166,34.676207
245865,-72.293798,42.932344
201034,-84.149151,40.692999
197869,-81.680583,36.215536
168786,-85.628785,42.96019
126289,-105.018631,39.607505
211088,-75.163876,40.092606
105899,-112.181776,33.622952
421708,-111.965808,33.403079
104151,-111.934383,33.417721
483124,-111.924487,33.463517
104160,-114.495968,32.689306
107327,-89.921005,35.898597
106458,-90.679988,35.842388
107318,-90.22285,35.145736
107521,-92.821416,34.378745
106449,-91.895351,35.074176
420538,-92.388581,36.320466
440402,-91.188846,35.638722
106467,-93.13562,35.293237
109651,-118.185102,34.169031
404994,-73.986076,40.691464
156222,-84.660127,37.861561
156213,-84.662606,37.862029
197887,-82.554826,35.570439
154022,-117.141961,32.8273
156231,-82.650664,38.469201
201104,-82.321061,40.861755
128577,-72.570177,41.998409
454829,-104.939111,39.68614
164562,-71.828991,42.294226
100812,-86.964698,34.806793
246813,-83.339598,33.990183
138901,-84.404659,33.70893
138840,-84.404995,33.712009
183655,-74.680019,39.462081
132374,-80.192271,26.24278
241216,-66.111714,18.357395
100858,-85.488258,32.599378
100830,-86.177544,32.36736
173045,-93.240436,44.966307
138956,-82.048439,33.418992
482149,-81.989071,33.47037
143084,-90.55057,41.502365
219000,-96.736975,43.525148
454810,-105.250075,39.983475
143118,-88.349023,41.753631
222983,-96.596331,33.646345
222992,-97.712505,30.322744
219602,-87.354081,36.533319
446048,-81.438945,26.335983
160320,-90.104008,30.494049
231420,-79.413203,36.577287
176628,-94.591758,38.91339
109785,-117.888375,34.130047
164580,-71.264057,42.297017
168847,-84.172404,42.984804
154688,-95.187346,38.778712
109819,-118.973753,35.40911
201195,-81.851145,41.373017
150136,-85.409043,40.203431
161864,-76.662878,39.319978
189088,-73.909927,42.020386
189097,-73.963346,40.810098
132471,-80.198925,25.878908
109907,-117.023412,34.870285
197911,-77.913867,35.734376
154697,-98.731648,38.403529
160977,-70.203333,44.105299
235671,-122.44683,47.251743
437103,-91.137935,30.448276
168883,-87.085228,45.772586
164632,-72.583382,42.055088
223223,-95.395743,29.7106
223232,-97.121041,31.546872
197966,-76.96535,35.533587
175421,-90.169228,32.318415
156286,-85.704997,38.219279
234669,-122.150118,47.584014
180814,-95.91764,41.150225
234696,-122.51216,48.766189
197984,-81.041315,35.260651
219709,-86.794807,36.135589
238333,-89.029285,42.504022
173124,-94.874119,47.482341
217721,-81.020403,34.012941
154712,-95.111473,39.572646
145619,-88.097307,41.777569
164739,-71.222839,42.385995
156295,-84.292893,37.57202
183743,-74.088804,40.951782
125170,-122.269877,37.869769
189228,-73.979458,40.753986
183789,-74.189483,40.898587
164748,-71.089405,42.346646
164775,-73.314704,42.45975
139144,-85.189202,34.290414
183804,-74.221328,40.095672
150145,-86.194686,41.678399
173160,-93.161663,45.057655
219718,-88.516762,36.137848
132602,-81.032946,29.207195
102429,-87.266406,33.836929
234711,-119.325678,47.183651
157553,-82.778847,37.688248
196079,-75.966889,42.087868
110097,-118.014374,33.906203
100937,-86.850552,33.513774
102030,-88.056982,30.693972
200022,-100.816534,46.821459
143279,-90.447799,41.477283
219046,-103.870966,44.494889
106625,-90.951033,36.239793
238397,-89.016254,42.593159
198011,-78.731119,34.644691
223427,-96.40852,30.160457
183822,-74.194309,40.795105
211158,-76.447844,41.00782
208275,-118.816944,45.677313
446774,-78.001918,39.43529
198039,-82.425544,35.30804
231536,-78.937471,38.279075
237215,-81.239037,37.265732
156392,-84.503665,38.024808
217749,-82.365838,34.874016
142115,-116.203301,43.604284
158431,-93.646881,32.539551
164924,-71.169242,42.336213
164988,-71.107942,42.351118
161004,-69.963942,43.907134
162007,-76.759721,39.018185
201432,-82.594156,41.397521
201441,-83.640896,41.375513
143358,-89.616786,40.696896
165015,-71.260155,42.365727
223506,-95.40934,29.048604
139199,-83.821513,34.303117
152992,-96.428444,42.526443
230010,-111.850619,41.756188
484932,-81.6983,38.353846
231581,-78.969007,38.378484
165024,-70.974553,41.98749
230038,-111.649281,40.250851
230047,-157.926586,21.642074
142522,-111.782431,43.818408
232450,-77.407919,37.346254
165033,-71.119133,41.721994
183859,-74.132746,40.324906
104090,-112.112473,33.566102
189501,-73.989623,40.691836
132709,-80.14183,26.119422
217156,-71.40385,41.82617
198084,-78.22979,34.038973
219790,-84.999552,35.497209
110219,-111.944197,33.437779
480091,-78.770363,42.790174
231785,-76.13819,36.827826
451750,-88.050983,43.043215
217165,-71.539547,41.920092
211273,-75.313223,40.02736
211291,-76.882616,40.954317
211307,-74.965841,40.239102
153001,-95.208529,42.642255
165112,-71.069263,42.374806
154800,-96.882987,37.806699
211343,-79.911433,40.829364
150163,-86.172167,39.8374
110246,-121.644831,39.649782
110334,-121.924797,36.989448
211352,-75.375263,40.056355
215114,-74.909509,40.165809
198118,-81.484148,35.854604
183910,-74.272571,40.832753
110361,-117.425619,33.929321
110370,-122.399451,37.767485
110316,-122.416102,37.774924
110404,-118.125878,34.137349
111081,-118.566837,34.39327
110413,-118.878924,34.224566
110422,-120.657311,35.299513
115755,-124.078293,40.877481
110529,-117.821476,34.057912
110486,-119.104711,35.350005
441937,-119.04356,34.162949
110538,-121.844859,39.729712
110547,-118.255917,33.864766
110574,-122.054135,37.657694
110556,-119.744569,36.811154
110565,-117.885446,33.881506
110583,-118.11204,33.782818
110592,-118.168965,34.066927
409698,-121.796178,36.652397
110608,-118.529319,34.240126
110617,-121.423549,38.559415
110510,-117.323801,34.182622
366711,-117.159013,33.130569
110495,-120.852511,37.52577
211361,-79.88679,40.064964
169080,-85.587548,42.929916
165167,-71.072646,42.381091
183938,-75.038381,39.784874
206914,-98.434163,34.606487
198136,-78.738238,35.409149
156365,-85.348943,37.343342
111434,-122.265398,37.44877
365374,-97.881967,35.509208
189705,-78.852577,42.925206
165194,-70.337334,41.691911
198154,-77.948306,34.240624
413413,-93.268796,44.976286
129367,-72.672734,41.768397
201548,-82.937867,39.954875
238430,-87.909045,43.139752
206923,-94.633986,35.039173
143613,-90.408203,40.98128
173258,-93.154666,44.462318
211431,-79.963448,40.439293
211440,-79.941993,40.44357
103893,-112.104601,33.565758
125532,-121.371331,38.556151
180106,-112.040285,46.600771
405872,-76.991113,39.531805
238458,-88.228114,43.004527
219806,-83.491709,36.122934
198206,-76.755538,34.723681
238476,-87.820924,42.622969
439190,-122.191572,47.760915
201645,-81.609596,41.507419
240505,-106.326712,42.832788
230834,-73.180842,43.608397
198215,-80.482751,35.691443
198233,-81.28792,35.699732
189839,-76.542867,42.943726
439367,-118.306221,34.06231
162104,-75.955949,39.642225
211468,-75.519221,40.586318
201654,-83.814692,39.749237
183974,-74.833644,40.84764
100760,-85.945266,32.92478
104346,-111.652501,32.957092
198251,-79.143553,35.471864
218858,-80.37101,33.933342
153108,-92.922199,41.401539
180902,-98.372549,40.889582
128771,-72.765991,41.692502
483045,-83.66765,32.545341
173203,-94.214266,46.345863
158088,-92.446693,31.310461
161077,-70.235498,44.134346
445267,-92.685253,39.150497
176947,-92.685253,39.150497
169248,-84.77525,43.591203
187532,-106.628861,35.071878
201672,-82.447441,40.069314
208318,-121.348585,44.071401
198260,-80.829796,35.217774
201690,-83.880186,39.715787
246017,-96.585322,35.994261
223816,-97.810827,31.120516
231697,-79.184238,37.358809
234827,-120.538368,47.002687
240514,-108.426738,43.030556
234845,-122.960591,46.715017
156408,-84.779392,37.645709
175315,-92.982105,45.041823
111887,-118.097337,33.886874
111896,-117.66767,35.567525
111920,-122.105636,37.642458
180948,-103.001615,42.8199
111939,-117.573932,34.147663
457129,-81.586421,30.243517
475732,-84.351949,33.911943
454227,-88.038558,41.949727
486956,-74.438877,40.465934
466930,-95.560414,29.838386
141486,-157.807851,21.28995
230852,-73.202746,44.473287
364025,-111.795922,33.293897
111948,-117.852518,33.79302
217688,-80.072587,32.983047
102845,-122.494766,45.617798
128780,-72.767972,41.688246
211556,-79.926083,40.448432
140331,-84.553722,33.929092
101028,-85.031485,32.42391
219824,-85.237389,35.100202
208390,-122.978076,44.978655
162168,-76.083668,38.952193
211583,-75.228742,40.08678
144005,-87.609384,41.718446
133021,-85.23139,30.789228
240116,-91.505675,44.794867
219833,-89.983241,35.127437
231712,-76.494364,37.062495
201928,-84.536936,39.149915
223898,-98.985206,32.401132
217864,-79.958775,32.797183
112172,-117.886469,34.13537
112190,-122.451155,37.725953
144209,-87.626596,41.886067
144184,-87.659107,41.964502
144157,-87.643425,41.780253
144166,-87.675321,41.878092
144175,-87.589249,41.709997
144193,-87.723981,41.755955
144218,-87.787868,41.958774
234915,-122.344594,47.617381
208406,-122.574272,45.323185
217873,-80.854319,33.498444
112251,-117.713703,34.103585
112260,-117.711188,34.102154
223922,-100.902421,34.944558
211644,-79.377501,41.207805
138947,-84.412584,33.747628
234933,-122.651257,45.636133
201973,-83.799788,39.896411
165334,-71.823356,42.249987
180832,-95.974847,41.259165
190044,-74.999359,44.662716
139311,-84.328174,33.594079
217882,-82.835114,34.679381
198321,-81.492856,35.279833
219879,-84.879284,35.200103
202134,-81.674355,41.502281
190053,-73.439739,44.64841
154907,-97.664147,39.554199
234951,-122.497873,47.176084
489201,-119.731261,36.88686
187639,-103.165886,34.402483
175519,-90.568469,34.254417
101161,-87.778193,30.851343
223320,-97.755896,28.435194
198330,-77.384785,34.771687
218724,-79.011767,33.794995
485458,-82.3821,31.212781
112385,-117.929143,33.715634
104425,-110.246946,31.564597
404426,-111.645631,35.171328
153144,-91.658192,41.988263
154925,-95.621374,37.033814
217907,-80.070416,34.37696
161086,-69.66337,44.564211
154934,-101.052744,39.377601
190099,-75.536346,42.819475
169442,-83.062352,42.361839
108667,-122.279303,37.781017
132851,-82.175692,29.166079
217819,-79.939794,32.784225
139250,-81.485973,31.182745
144865,-88.071635,41.841577
142179,-111.985519,43.486041
146472,-88.012291,42.354164
118347,-122.549149,37.954897
243638,158.158189,6.909759
193399,-73.908887,40.913657
167394,-72.60154,42.141781
174747,-94.319888,45.561792
181604,-96.021425,41.240028
122791,-122.334801,37.535698
142559,-114.473901,42.579837
162122,-77.009245,38.55895
182005,-115.233099,36.158114
190558,-74.14849,40.601831
197814,-76.219765,36.324885
111461,-118.568698,34.403993
113573,-116.388271,33.732108
166124,-71.808214,42.23752
226408,-94.999602,29.39581
376695,171.378129,7.102688
178697,-93.238174,36.616019
121707,-124.195293,40.698427
123217,-119.315182,36.323877
123484,-122.38909,41.413005
455114,-116.507314,43.614106
247834,-96.63894,33.16241
126669,-105.09456,39.71388
126678,-104.822697,38.84886
127556,-108.553275,39.080643
126711,-107.324441,39.54636
126748,-108.790048,40.081112
126775,-105.223364,39.751443
128106,-104.579033,38.30859
126818,-105.080732,40.574805
476975,-104.786666,39.724786
126827,-104.833928,38.894265
234979,-119.12103,46.25216
241304,-66.022543,18.22329
112561,-120.388385,38.030367
177065,-92.326354,38.957388
217934,-81.029967,34.045581
144281,-87.624667,41.874261
217925,-81.07443,34.07551
450933,-87.653162,30.329288
219888,-87.101917,35.616757
190150,-73.961885,40.808286
190169,-73.818113,42.217613
202170,-82.989479,39.966074
202222,-82.98766,39.96887
139366,-84.94106,32.50096
139357,-84.978551,32.508076
210605,-80.018453,40.450908
126863,-104.802673,39.71788
434672,-76.48211,39.352647
211079,-80.305876,40.655601
126942,-105.001044,39.741413
215239,-75.165604,39.962458
217475,-71.481509,41.712817
230861,-72.573774,44.280811
112686,-118.209463,33.878226
237330,-81.006696,37.423723
219903,-89.891723,35.112892
190248,-73.82202,40.943382
173300,-96.76749,46.862482
169363,-83.68268,42.273157
224004,-97.835703,30.420232
144351,-87.809482,41.898696
112075,-117.812305,33.653665
180984,-97.089054,40.914853
173328,-93.154861,44.949759
238616,-87.91552,43.253387
128902,-72.107321,41.379833
206996,-95.319541,35.492873
112826,-122.337377,37.969381
217961,-81.917881,34.955534
175573,-90.400234,31.69272
395362,-116.213939,34.140464
162283,-76.658687,39.311258
210331,-122.961129,44.882399
153162,-91.423741,41.924554
190415,-76.483084,42.4472
170037,-85.595328,42.979966
106795,-94.3673,34.043389
113096,-121.423108,38.45295
184180,-74.579873,40.859141
154952,-97.043075,37.061668
113111,-117.101173,34.039178
198367,-77.102232,35.111516
181002,-95.947811,41.265361
177135,-94.368315,36.814906
174862,-93.743019,44.885393
113193,-120.742235,35.331276
190503,-73.933231,41.745806
219949,-86.298782,36.204514
190512,-73.983417,40.740238
190521,-74.011826,40.71879
190530,-73.912043,40.858112
190549,-73.949898,40.631517
190567,-73.948542,40.819846
190576,-73.983822,40.748612
190585,-73.926759,40.81812
190594,-73.964795,40.768669
190600,-73.98841,40.770351
190619,-73.935812,40.577222
190628,-73.935057,40.7445
190637,-73.895379,40.872962
190646,-73.957076,40.666256
190655,-73.987856,40.695483
190664,-73.816098,40.735182
190673,-73.756656,40.755481
190691,-73.796313,40.701576
165529,-71.116539,42.238061
202356,-81.683533,41.494906
113218,-116.943507,32.744954
113236,-118.025143,33.82833
190716,-78.890868,42.902636
231873,-79.852536,37.812275
190725,-78.788111,42.965605
200314,-100.441103,48.832505
173416,-93.07805,44.737255
219082,-97.113358,44.013014
224226,-96.947006,32.710017
224615,-96.794036,32.766319
224305,-96.780497,32.795361
139463,-85.002775,34.774221
144564,-87.587884,40.127539
231882,-79.408803,36.565286
182670,-72.289949,43.704115
169479,-85.533519,42.850013
198385,-80.843979,35.499767
198376,-80.181868,35.865471
230162,-111.925227,41.028956
133386,-81.049685,29.203275
113333,-122.045783,37.319914
165574,-71.397813,42.085634
224350,-97.40762,27.763619
211927,-75.39308,39.966724
130934,-75.54053,39.187173
130907,-75.56012,39.198371
211981,-75.158452,40.298659
158662,-90.103962,29.985149
169521,-83.985943,43.559491
175616,-90.735365,33.744745
447023,-89.99937,34.955269
202523,-82.523272,40.071505
454856,-104.994725,39.75303
144740,-87.62724,41.877618
150400,-86.860363,39.640904
153214,-93.611597,41.707348
154156,-93.661686,41.583325
210739,-75.375608,40.539091
482413,-73.983492,40.747747
482431,-117.5876,34.068481
482477,-88.126334,41.799874
113634,-122.073142,37.968516
212009,-77.197854,40.202796
200059,-102.799679,46.882917
443410,-122.150603,47.68871
158802,-90.06464,29.996587
105297,-109.21684,36.293328
230171,-113.565903,37.102769
181020,-96.950932,40.622952
154998,-100.037481,37.776891
190761,-73.950555,41.047419
148496,-87.823003,41.902678
113698,-122.512051,37.981279
153250,-96.166562,43.082527
371690,-118.115727,33.91965
153269,-93.652163,41.60129
184348,-74.424584,40.761829
212054,-75.190051,39.955217
177214,-93.286192,37.219681
198419,-78.937624,36.001135
175227,-93.290608,44.97281
212106,-79.993123,40.43589
198455,-78.8817,35.974768
190840,-73.904652,41.724245
220057,-89.390791,36.047565
106883,-90.767726,35.041655
198464,-77.368291,35.607186
177250,-90.97809,38.431845
175643,-89.113706,32.441164
207041,-96.663849,34.771934
139621,-82.309021,32.594944
113856,-118.148785,34.040531
175652,-88.483516,32.830246
212115,-75.173905,40.99599
220075,-82.366954,36.301643
224527,-94.374488,32.557847
104577,-109.76234,32.843664
129215,-72.218753,41.721673
132693,-80.756474,28.38361
203331,-80.672337,40.376056
144892,-88.175658,39.479843
153311,-90.574459,41.522179
156620,-84.300796,37.740845
161138,-68.74445,44.826048
232043,-78.880326,38.471134
169798,-83.627443,42.251675
187648,-103.34819,34.175592
187666,-104.525718,33.313167
207050,-95.328995,34.914079
208646,-118.092495,45.319795
212133,-75.370316,40.050448
231970,-76.300694,36.861232
235097,-117.583808,47.490667
240596,-104.190823,42.079354
133492,-82.687043,27.715798
248934,-76.178773,36.842526
198491,-77.571786,35.879867
238661,-89.422884,43.057059
212160,-80.121318,41.870717
202648,-84.212385,40.157699
235103,-122.327598,47.816376
243832,-66.055403,18.415375
442806,-80.406018,37.199659
133526,-81.684879,30.34479
113980,-118.329913,33.885229
224642,-106.373616,31.773359
144944,-88.32194,42.018066
198507,-76.214041,36.277978
212197,-76.593224,40.149236
156648,-85.879927,37.692858
144962,-87.945369,41.897164
198516,-79.50344,36.104148
133553,-81.048367,29.189903
104586,-112.449741,34.616766
426314,-81.048367,29.189903
165662,-71.065384,42.352202
127158,-104.985751,39.74575
165671,-71.103634,42.340602
232025,-81.829142,36.772857
139658,-84.325512,33.790183
487092,-83.871141,33.6191
155025,-96.179021,38.414784
165699,-70.840847,42.553296
230418,-111.9002,40.77113
101143,-85.836956,31.297496
191083,-78.872679,42.881771
184481,-74.178234,40.738444
384333,-112.343158,33.480722
177339,-93.262614,37.220956
235149,-122.204736,48.006626
385619,-80.108331,26.391218
114266,-121.76561,37.30167
196680,-73.862981,42.705487
129242,-73.255903,41.157673
184694,-74.432121,40.774498
184603,-74.028986,40.897209
237367,-80.162433,39.483079
196042,-73.42832,40.754224
191126,-73.994781,40.74731
101189,-86.21641,32.384181
198543,-78.891696,35.073641
198534,-78.92658,35.068851
114433,-120.973067,39.953101
184612,-74.096452,40.867272
169910,-85.481925,43.687724
114354,-118.25993,34.044209
114549,-119.717161,34.42941
191199,-77.241801,42.867556
165802,-71.074125,42.355253
165820,-71.789666,42.588298
133711,-81.314887,29.892733
180197,-114.327258,48.227389
160481,-90.811707,29.690884
155052,-96.224141,38.41888
218025,-79.81469,34.243882
133650,-84.290226,30.428504
133669,-80.102978,26.372421
487490,-95.431325,30.022309
135160,-82.5679,30.175298
433660,-81.7726,26.463638
133881,-80.622893,28.065815
480569,-80.624378,28.065754
133951,-80.373928,25.75732
133979,-80.270753,25.918278
408844,-80.321846,25.86178
482936,-81.845995,28.150149
134079,-81.948203,28.032443
133508,-81.887102,26.552403
133702,-81.659901,30.334918
134097,-84.291921,30.440756
444219,-121.127486,38.661372
380368,-92.451326,46.690069
114716,-122.127964,37.361655
191241,-73.882705,40.859354
198552,-80.272215,36.06854
155061,-99.342503,38.872156
127185,-107.867422,37.275939
155098,-94.715334,37.816206
139719,-83.89537,32.537595
238722,-88.45893,44.283174
165866,-71.437565,42.297116
218061,-79.652854,34.189777
245999,-97.640672,35.60052
160074,-91.110587,30.401379
205957,-80.620524,40.376919
224891,-101.406005,35.657778
212577,-76.319037,40.048045
182795,-72.058011,42.78014
202806,-82.990375,39.95831
162557,-77.417849,39.452241
220215,-88.637964,35.440611
114789,-119.796096,36.768164
114813,-119.735199,36.726831
155089,-97.367048,37.678459
127200,-105.038068,39.901452
403469,-88.392194,38.380271
156727,-84.692791,38.051018
162584,-78.934293,39.650918
134237,-81.301286,28.596546
114840,-118.140261,34.14778
114859,-117.918255,33.875514
191302,-74.297492,42.983805
218070,-82.440458,34.924676
101240,-85.991438,33.994001
156471,-85.499039,38.281333
406033,-98.585653,29.507685
406024,-82.648151,27.865391
131450,-76.993675,38.907371
224961,-94.807686,29.284735
212601,-80.087166,42.128403
155104,-100.848082,37.970151
198561,-81.668141,35.24732
198570,-81.18852,35.312048
157438,-84.633478,38.960638
130396,-72.927682,41.303785
105145,-111.997077,33.449686
238759,-87.846695,42.605677
114938,-121.569842,36.972627
191339,-78.137586,43.016584
212656,-80.321826,40.772518
101286,-85.465836,31.315274
101295,-86.781935,34.072439
101301,-87.013294,32.445917
208822,-122.967494,45.303629
232186,-77.307428,38.829976
131469,-77.048363,38.89923
156745,-84.553767,38.207615
131496,-77.073463,38.908809
139861,-83.231962,33.082787
447689,-84.00459,33.979409
139700,-85.207356,34.169791
139755,-84.394832,33.77242
485111,-83.224211,33.07944
139384,-85.171361,34.224673
244446,-84.234504,33.789898
139931,-81.784045,32.426153
139764,-84.217738,32.054662
139940,-84.38667,33.7527
244437,-84.385712,33.753426
184773,-74.228186,40.099617
232195,-77.78012,38.375532
212674,-77.236792,39.836597
169974,-85.496929,41.892504
115001,-118.227666,34.16745
104708,-112.190735,33.570226
237385,-80.834295,38.93547
115083,-122.398969,37.789374
115126,-118.002568,33.732531
130989,-75.689624,39.741501
235316,-117.400625,47.666531
129154,-72.64032,41.742977
165936,-70.82151,42.590567
139968,-84.154508,33.04571
165945,-70.846387,42.613475
162654,-76.594843,39.410175
145336,-87.716441,41.449103
170000,-85.692077,42.919541
150677,-85.814228,41.22595
153366,-93.924893,40.615966
159009,-92.713245,32.523797
104717,-112.129929,33.513231
170055,-85.665625,42.967076
170082,-85.889826,42.963001
153375,-93.604352,41.620813
183257,-71.527241,43.19291
442569,-94.771491,38.92258
235334,-123.803068,46.953881
225070,-96.633891,33.70574
182306,-115.767274,40.84343
183150,-70.798969,43.072093
180249,-111.269558,47.485581
235343,-122.175819,47.313648
165981,-72.630977,42.599512
218113,-82.371178,34.826212
145372,-89.40824,38.894162
153384,-92.722094,41.747952
115296,-117.006277,32.815246
212805,-80.081481,41.1558
240745,144.808944,13.440649
198613,-79.887737,36.094233
198622,-79.92062,35.99846
134343,-85.727918,30.185542
459213,-122.307618,37.547377
173647,-93.972196,44.323626
140012,-84.066224,33.962763
212832,-75.236601,40.202804
102313,-86.343057,32.350109
162690,-77.667379,39.631009
191515,-75.408195,43.050245
173665,-93.164479,44.966246
232265,-76.339161,37.019944
150756,-85.460051,38.715642
225247,-99.73564,32.476434
107044,-91.726143,35.247386
162706,-76.282845,39.56131
177551,-90.224288,38.631744
212878,-76.886408,40.296777
446640,-76.880261,40.26193
115393,-121.666054,36.675091
191533,-75.071994,42.457599
166027,-71.118313,42.374471
212911,-75.305207,40.007452
383190,-155.069653,19.704756
141644,-157.859645,21.310306
153445,-92.330633,42.430003
198668,-82.927918,35.525905
156790,-83.175644,37.234897
384342,-89.014776,40.53301
203085,-83.168387,41.114833
180276,-112.016035,46.595384
156851,-87.650091,37.797687
107071,-93.059703,34.128155
107080,-92.443256,35.101565
173708,-93.397759,45.096534
170240,-83.236056,42.324639
191612,-75.007206,43.032738
240392,-89.291561,43.14415
484002,-118.144328,34.67613
198695,-79.994675,35.972035
145521,-89.67342,42.283344
155186,-95.271539,39.859987
235431,-122.303064,47.388231
225371,-97.088332,32.010928
134495,-82.456253,27.934888
170286,-84.633195,41.933682
175786,-90.416118,32.256109
203128,-81.143981,41.3107
191630,-76.985516,42.858131
203155,-82.220791,39.441954
191649,-73.60078,40.715959
175810,-89.915803,32.969985
212984,-74.986451,40.060581
115728,-122.187804,37.802276
166133,-72.651252,42.194781
203386,-82.901039,40.084407
141680,-157.87,21.321785
162760,-77.419049,39.420631
170301,-86.100971,42.787247
120537,-117.88573,33.87616
156860,-87.488297,36.882654
218140,-79.003611,33.79614
129543,-73.191003,41.175228
225399,-95.515954,29.693819
225423,-95.377319,29.742114
225520,-101.450104,32.252292
162779,-76.877964,39.213636
131520,-77.018966,38.922392
184995,-74.062903,40.7303
191719,-73.683734,42.696509
164368,-71.070645,42.369968
191728,-73.501125,40.728029
150941,-85.497317,40.898152
487524,-68.791476,44.829002
225575,-97.721691,30.264667
155195,-97.92135,38.068035
193405,-73.952414,40.790359
142276,-112.432312,42.863832
145682,-89.52485,40.707235
145691,-90.246171,39.7313
145725,-87.627321,41.8313
145813,-88.990058,40.509403
145831,-89.100887,41.30744
145646,-88.992014,40.489901
213011,-75.570711,40.027981
115861,-115.503563,32.827209
418296,-95.311895,35.774921
153472,-92.394736,41.045105
134608,-80.358682,27.42416
151290,-85.116479,41.078365
492962,-85.115424,41.076613
151324,-87.407846,39.469073
213020,-79.159332,40.617531
151351,-86.526559,39.16609
151388,-84.881923,39.868707
151333,-86.132048,40.460062
151360,-87.337249,41.557324
151111,-86.172217,39.772948
151342,-86.221991,41.665324
151379,-85.819985,38.345191
151801,-85.667503,40.517937
488679,-85.677641,40.510655
431141,-119.723249,36.83679
242626,-67.121671,18.467886
242635,-66.75901,18.47509
242644,-66.303153,18.182777
242705,-66.182473,18.351631
242680,-65.648052,18.329222
242699,-66.108164,17.96635
242653,-66.077711,18.368988
242662,-66.578498,18.007388
242617,-67.05082,18.08353
173799,-93.055255,44.828599
191931,-73.788046,40.925725
153524,-94.20299,42.490067
153533,-94.835661,43.401376
153603,-93.648504,42.026212
153630,-95.797975,41.272168
116439,-117.777539,33.675381
198710,-81.911857,35.336728
175829,-88.412073,34.276519
191968,-76.494136,42.422154
150987,-86.158213,39.803753
232414,-77.473918,37.636837
170444,-84.403942,42.16483
220400,-88.780005,35.645571
175856,-90.207405,32.296105
101480,-85.765321,33.822938
134945,-81.60458,30.353227
203678,-84.026319,40.738347
232423,-78.870484,38.436311
198729,-77.977639,34.946802
191986,-79.218967,42.1146
177676,-90.558954,38.259889
156921,-85.753615,38.246027
192022,-75.935051,43.992827
101505,-86.707233,33.652535
455196,-74.057936,40.862137
146205,-89.09021,37.747453
107141,-94.560283,36.189812
101514,-86.949674,34.645844
203368,-81.531338,41.491321
146278,-91.335828,39.913741
162928,-76.621595,39.328977
445708,-80.851208,35.233502
460349,-71.41277,41.819956
217235,-71.41277,41.819956
198756,-80.857251,35.243033
155210,-94.727798,38.924125
198774,-78.332293,35.501418
146296,-88.180985,41.500535
175883,-89.200895,31.596936
146339,-88.291336,42.061754
213251,-78.017292,40.500523
170532,-85.601857,42.290789
170541,-85.682144,42.225948
146348,-87.851047,41.098178
155292,-94.748061,39.121911
179812,-94.561374,39.107553
155399,-96.581077,39.188648
141796,-157.800213,21.27148
146366,-89.191974,38.562112
141802,-159.395883,21.968887
185262,-74.233503,40.677981
183062,-72.279276,42.926452
135081,-80.163959,26.185869
170550,-85.177329,42.335638
161192,-69.61157,44.594149
486840,-84.583052,34.038807
203447,-80.830377,41.888296
203456,-80.576702,40.616966
203526,-81.143085,41.483727
203517,-81.342533,41.146653
203492,-80.835458,40.86408
203465,-81.43731,40.868568
203474,-80.836233,41.278748
203483,-81.407707,40.467736
157058,-84.855402,38.201427
203535,-82.397977,40.374408
169983,-83.71282,43.012468
192192,-77.090562,42.615253
213303,-75.777456,41.558969
226019,-94.871468,32.377821
220516,-82.159421,36.585309
213321,-75.879822,41.250097
153737,-91.651172,41.911268
170587,-84.706254,44.601785
146418,-88.880524,41.938234
428392,-121.698855,42.195028
146427,-90.373165,40.943064
213349,-75.783933,40.513561
213358,-80.014851,40.568615
213367,-75.153061,40.037979
117627,-117.500054,33.910704
155450,-95.255368,37.339062
165264,-71.058279,42.260866
213376,-75.658963,41.411556
213385,-75.209786,40.69956
219143,-97.095229,44.901714
407629,-80.105969,42.080699
146481,-87.827454,42.249574
146506,-88.380835,39.416969
170620,-86.393445,42.097276
200192,-98.869034,48.127948
173461,-92.145151,46.78455
170639,-84.365573,46.492849
117195,-119.972574,38.926797
235699,-122.167131,47.705077
135188,-81.797193,28.828649
203599,-81.364723,41.637463
238980,-87.883414,43.841573
239008,-87.75454,43.924774
441760,-94.077126,30.047885
226107,-93.732235,30.0922
226116,-93.925886,29.880385
226091,-94.072244,30.042738
213400,-76.287761,40.075347
218229,-82.164736,34.199892
220598,-88.806535,35.627378
209038,-123.032644,44.009325
117247,-122.26283,37.797257
207209,-97.260317,35.943982
140243,-83.778107,34.330323
170657,-84.55157,42.738435
240620,-104.778789,41.104288
226134,-99.520772,27.506477
366401,-121.80058,37.710873
166391,-71.24347,42.342148
117274,-120.633271,40.432053
232575,-78.267336,39.036001
170675,-83.25003,42.474072
239017,-88.397822,44.261323
101569,-86.888844,33.450814
192323,-76.090435,43.049192
213507,-76.514431,40.330604
226204,-94.978184,29.732505
220613,-84.871399,35.166019
141811,-157.983771,21.39267
213525,-75.610715,40.66474
213543,-75.380236,40.606822
198817,-77.571532,35.234405
198835,-81.327598,35.739968
166452,-71.117303,42.38012
226231,-94.726394,32.46632
209056,-122.669137,45.450882
146603,-90.194405,38.951624
146612,-88.079032,41.605432
142328,-117.024875,46.412199
232557,-79.18222,37.350232
140252,-84.514729,33.932781
192271,-73.975054,40.759865
218238,-81.649161,35.057076
163028,-76.836463,39.174673
126951,-104.856171,39.77651
226277,-97.056391,32.701684
151661,-86.246276,39.884503
146700,-87.832162,41.905577
221148,-86.744005,36.194393
146685,-89.611249,39.721211
220631,-83.660198,36.578508
129181,-72.596915,41.924248
420343,-74.148846,41.083771
185396,-74.274929,40.706359
177940,-92.166724,38.564431
213598,-75.926458,39.807723
177968,-90.501286,38.785425
157216,-85.299997,37.101502
209065,-123.199642,45.201173
209074,-123.11403,44.587663
219976,-86.799791,36.106253
135276,-84.339057,30.448534
213613,-77.460108,41.141517
177986,-90.542333,38.63133
117636,-117.260605,34.051241
227182,-95.488103,30.18737
117645,-118.135633,33.833593
192448,-73.593678,40.820714
232566,-78.39575,37.301137
203748,-82.073549,41.413293
153825,-90.679023,42.503908
117788,-118.292169,34.087301
436429,-118.3284,34.098338
117690,-118.283549,33.785825
117867,-118.4195,34.314668
474863,-117.827484,34.110723
117706,-118.575071,34.183949
117715,-118.304674,33.929586
117724,-118.269447,34.031907
117733,-118.421734,34.175165
117894,-121.860967,38.006474
159568,-92.425973,31.324528
483212,-92.032664,32.49637
159391,-91.178921,30.414986
159373,-90.083145,29.957272
435000,-93.761018,32.480683
159382,-92.414409,31.178616
159407,-92.434523,30.473292
159416,-93.70561,32.428465
159647,-92.649963,32.528297
203757,-83.706108,41.710009
235750,-122.935928,46.14214
117946,-118.415744,33.97085
146719,-87.656872,42.000765
163046,-76.621872,39.346358
159656,-90.120417,29.936141
226383,-101.934426,33.575973
101602,-86.452262,31.322947
153834,-91.802809,43.312304
213659,-75.991095,41.194728
213668,-77,41.24666
132657,-80.122806,26.385985
173902,-93.168053,44.938565
170790,-82.972377,42.50599
497046,-119.99787,36.925132
238263,-89.327921,43.12183
157304,-87.512137,37.362661
170806,-83.404722,42.384323
153861,-91.967306,41.017781
203775,-81.376863,40.825662
135407,-82.481088,27.447894
129695,-72.561939,41.761625
183132,-71.483534,43.019823
151777,-85.762643,41.010549
192703,-73.901893,40.889756
192712,-73.961334,40.812312
192749,-73.715645,41.032187
213783,-77.07423,41.806949
239071,-88.737016,43.195013
239080,-88.420638,43.777411
151786,-86.202643,39.813233
203845,-81.450045,39.41668
203881,-83.089156,40.577017
192819,-73.935484,41.720937
239105,-87.927961,43.03903
198899,-82.551827,35.82752
237525,-82.428964,38.422482
153922,-92.909411,42.00065
487977,-77.959662,39.487035
232672,-79.069273,38.153884
163295,-76.621033,39.308792
192864,-73.959767,40.768787
232706,-77.128785,38.905562
220710,-83.964223,35.751505
178059,-90.505998,38.644774
213826,-75.634142,41.434587
166647,-71.263821,42.312292
166674,-71.099275,42.336862
166683,-71.093226,42.359243
166692,-70.624084,41.739072
166823,-70.989799,42.07507
173957,-92.466428,44.02215
157331,-83.806786,38.626607
200226,-97.322554,47.505415
164270,-77.001992,39.584231
198923,-81.96208,35.656254
147004,-88.368956,42.259111
147013,-89.816822,38.608154
226578,-97.171228,31.58947
226587,-99.748682,32.429776
159717,-93.217222,30.178187
166656,-71.101244,42.336825
414461,-66.053276,18.237102
192925,-78.855941,42.92856
239169,-88.022674,43.044527
218335,-79.947158,32.784363
118684,-123.228809,39.188989
118718,-120.476464,37.3353
185509,-74.650719,40.254398
140447,-83.648295,32.831787
193016,-73.874447,41.021626
203960,-83.552538,41.658319
213987,-80.053412,42.10578
198950,-78.689995,35.799351
175935,-88.732823,32.367355
166850,-71.124216,42.668344
118772,-122.167335,37.789088
105154,-111.871255,33.390323
213996,-76.988269,40.156579
198969,-78.874426,35.135058
363165,-97.478182,35.512549
181303,-95.957829,41.310451
177995,-94.58966,39.068668
174020,-93.074361,44.957256
127565,-105.00504,39.744202
166869,-71.054002,42.375018
135717,-80.190856,25.777717
204006,-84.563385,39.377448
204015,-84.35724,39.523776
204024,-84.732954,39.507757
169655,-83.445507,42.286324
171100,-84.476111,42.73212
171128,-88.548092,47.11866
171155,-84.763715,43.969586
245953,-97.578297,35.347785
181312,-100.748417,41.110429
239220,-89.783785,44.391091
155520,-94.781635,38.875615
482158,-83.732058,32.808092
220978,-86.360618,35.848005
230959,-73.176068,44.009117
185536,-74.366544,40.504728
129756,-72.611838,41.539516
166887,-71.274931,42.524328
226806,-102.106153,32.029646
181330,-96.488008,41.43674
218353,-81.115761,33.949325
157377,-84.678142,38.146126
437556,-89.595331,39.840996
178208,-94.573185,39.185691
226833,-98.519386,33.874809
143853,-87.998342,41.828115
423643,-112.183633,33.663853
461014,-74.014004,40.705781
101675,-86.908751,33.482442
443650,-85.181925,35.034287
198978,-77.882359,34.242761
214041,-76.357381,40.000337
486901,-82.29407,36.300147
147244,-88.976298,39.842612
239248,-87.920818,43.04359
239318,-87.907691,43.045364
178217,-90.481847,37.845199
174136,-93.284507,44.972679
175263,-91.618318,44.024554
173559,-96.097321,46.289194
174358,-96.759532,46.867153
173920,-93.99945,44.146712
173638,-95.56172,44.80755
200253,-101.29861,48.246961
118912,-117.302606,33.190483
214069,-75.971541,41.345277
118930,-121.980783,37.391935
176053,-90.329821,32.335515
176008,-90.502053,33.444906
176071,-89.142952,30.780784
176080,-88.790139,33.454852
176035,-88.418601,33.493305
176044,-90.341274,33.514142
178244,-90.462586,38.641526
178341,-94.461689,37.095155
179566,-93.281281,37.199258
179344,-91.857838,36.729574
178411,-91.775583,37.953426
178369,-93.190654,39.108522
178387,-94.785643,39.7575
198987,-80.894083,35.782814
175281,-93.138224,44.94202
219189,-98.002505,43.688663
178448,-92.455064,39.418607
118976,-121.009792,37.651056
105206,-114.029838,35.270996
193283,-75.219367,43.076765
193292,-73.626183,40.685941
185572,-74.006447,40.280066
193308,-73.900215,40.864459
193326,-77.610136,43.101036
171225,-83.470274,41.91617
180461,-111.048812,45.666726
180179,-108.523009,45.796896
180522,-109.687806,48.54149
180416,-112.559511,46.012868
171234,-85.100181,43.253191
185590,-74.198141,40.860414
119067,-121.884931,36.590558
163426,-77.15929,39.098656
214111,-75.276093,40.175609
199032,-82.2976,35.646577
147369,-87.633459,41.897822
248606,-97.457319,35.274434
119137,-118.834528,34.301146
239372,-88.417656,43.785224
147378,-87.836915,41.694613
214157,-75.383638,40.630947
157386,-83.434021,38.186768
140553,-84.414917,33.745982
460394,-117.20271,33.88744
127617,-103.771822,40.258792
163453,-76.585565,39.344161
154004,-96.359464,42.473891
147411,-87.762306,41.824303
221096,-86.299184,35.365903
169275,-83.67243,43.019941
214166,-78.600898,40.459679
166939,-72.575511,42.256838
219198,-97.409904,42.874475
239390,-88.030732,43.072507
154013,-91.650991,42.001931
204200,-84.639453,39.095893
193353,-74.012655,41.513872
119173,-118.482879,34.085315
163462,-77.351887,39.681705
204194,-82.471074,40.372901
166957,-71.984148,42.593142
232788,-82.758277,36.854421
448248,-111.886031,40.419941
444954,-82.458186,38.392635
209250,-122.396972,45.514862
119164,-117.846629,34.047764
119216,-116.971169,33.806748
214175,-75.508502,40.596416
207236,-96.677906,34.222949
157401,-88.323629,36.612419
171304,-86.196384,43.250329
204264,-81.737127,39.996585
451477,-82.941874,40.147019
480037,-78.727186,35.767841
119331,-122.274381,38.274081
442611,-80.855128,35.605305
199087,-77.898348,35.976823
183141,-71.523462,42.794576
221184,-86.857342,36.134857
193478,-73.595286,40.728872
219204,-103.250223,44.03152
119553,-122.287672,37.841898
147536,-87.624699,41.880093
106980,-93.119248,34.512687
119605,-117.243026,32.909894
129729,-73.072963,41.549749
187596,-108.149392,35.687431
119678,-121.874248,36.597159
227146,-96.498731,32.076061
193584,-77.518579,43.101576
181297,-96.048511,41.265973
181446,-96.64831,40.839098
155566,-95.464976,37.670672
214272,-75.440022,39.874876
441900,-114.938044,35.982345
182980,-71.822282,43.176403
217305,-71.502892,41.661783
167215,-71.0665,42.350833
185129,-74.08727,40.709937
185828,-74.177113,40.741997
187897,-105.219197,35.596233
187967,-106.905211,34.067041
187903,-103.182896,32.757808
187620,-106.737172,32.354486
188030,-106.752069,32.281568
159948,-90.043439,30.004336
447582,-81.136085,37.76767
232867,-80.69605,37.105239
461148,-118.335567,34.152076
194091,-73.6078,40.812447
193821,-74.006969,40.717998
193830,-73.810042,41.085031
193900,-73.997264,40.729452
218414,-81.619777,34.285868
155335,-97.37768,37.672643
183099,-71.531979,43.223621
193946,-78.87579,43.147701
193973,-79.036689,43.137279
159966,-90.801571,29.794486
167260,-71.930283,42.044033
239442,-89.425055,45.609542
444787,-111.890777,40.76528
460464,-117.570212,33.917387
232937,-76.261375,36.848429
174428,-93.331673,44.829706
107460,-93.08844,36.219909
199102,-79.773375,36.07282
199157,-78.898602,35.974237
199193,-78.674517,35.785111
199209,-77.773982,36.019665
147660,-88.14279,41.77576
171395,-84.954183,45.361727
179715,-93.617353,40.078096
204422,-82.581582,40.798777
224110,-97.1658,33.6188
174437,-93.261511,44.968625
194028,-74.119981,44.318645
200305,-96.607379,46.272158
200332,-96.800838,46.893127
136145,-83.420732,30.473841
140678,-83.530118,34.639721
218441,-82.37026,35.069758
174376,-93.374536,45.106937
142443,-116.798905,47.67569
154059,-93.13126,43.157169
147679,-87.709948,41.975268
236072,-122.333584,47.698408
167312,-70.968044,42.590103
214379,-75.32351,40.67253
239460,-89.646369,44.986458
444130,-117.243889,32.910805
101897,-85.911664,34.545471
181491,-97.396578,42.048647
154110,-91.867105,43.17523
488730,-98.323246,29.545802
176169,-88.562609,34.668339
204477,-81.245302,41.102919
221908,-82.408885,36.484961
461087,-95.309265,36.294408
227225,-94.881855,33.104931
239488,-88.105675,44.526467
147776,-87.718983,41.980399
127732,-103.197329,40.637215
207290,-94.867248,36.877255
207263,-94.967229,35.919939
217837,-79.939245,34.698248
167358,-71.088782,42.339992
482705,-71.088782,42.339992
105330,-111.653724,35.188449
167376,-71.04904,42.796634
147703,-88.766428,41.933869
157447,-84.463483,39.029714
240790,145.721733,15.152247
171456,-87.406568,46.559751
188058,-106.084395,36.004073
207281,-97.295887,36.678649
219259,-98.484728,45.450829
230913,-72.671154,44.641736
232946,-77.236718,38.833361
240666,-106.941105,44.763926
174473,-96.162366,48.124969
105349,-110.142199,34.93031
160667,-89.899196,30.379147
367459,-94.17289,36.357704
445948,-115.255585,36.203875
240657,-108.761853,44.760656
136233,-86.47456,30.540017
154129,-95.880639,43.184701
176178,-89.969525,34.625532
178624,-94.883339,40.351692
142461,-116.565783,43.562411
204440,-84.297855,41.450596
236133,-122.192763,47.657945
487603,-122.195774,47.657502
420398,-98.70513,29.471308
101736,-87.678089,34.739788
154101,-96.058772,42.999007
130040,-73.058734,41.920668
174507,-93.311222,44.850963
171483,-85.585517,44.765436
207306,-98.667673,36.796658
160038,-93.097797,31.750666
147767,-87.679858,42.050356
240198,-91.916484,45.747831
171492,-84.27682,43.628717
130004,-73.450965,41.102574
230995,-72.659783,44.140237
204468,-81.516617,41.506894
163578,-76.619739,39.350612
136215,-80.24248,26.079337
242972,-66.157027,18.396872
158884,-89.95888,29.95419
194161,-74.015605,40.705798
171535,-83.244787,42.595441
171571,-83.216418,42.674573
147800,-87.880644,42.061893
101912,-86.652705,34.756344
204501,-82.216795,41.291992
120254,-118.210908,34.127124
185873,-74.16549,40.007809
420431,-82.839621,32.996687
227304,-102.383477,31.866812
230490,-111.964808,41.264286
366465,-81.818517,32.395767
219277,-102.240331,43.366813
140696,-84.333687,33.875441
201964,-82.904885,39.613155
204617,-82.940689,39.992764
204635,-83.827441,40.7662
204796,-83.014853,39.999324
204699,-83.090597,40.577779
204705,-82.447441,40.069314
204820,-83.002175,39.329404
204802,-80.976073,40.073392
204848,-82.586069,39.738752
204857,-82.100985,39.326798
204839,-82.666876,38.524781
204866,-82.031063,39.96098
204909,-83.069757,40.295963
120290,-121.916339,37.52773
207403,-96.932459,35.360492
207324,-97.469526,35.611412
207449,-97.570109,35.387699
207458,-97.541242,35.495271
207351,-101.638488,36.594518
207315,-96.005702,36.137977
207564,-95.940373,35.626934
207388,-97.069743,36.123085
207397,-97.581959,35.474969
232982,-76.30666,36.886418
147828,-87.875165,41.155237
236188,-122.635113,47.574769
194222,-76.197878,43.006329
207582,-95.952547,36.049129
120342,-117.909086,33.66927
194240,-74.426028,41.438629
135735,-81.415996,28.471695
138372,-81.571532,28.559574
218487,-80.82927,33.54485
209490,-122.686096,45.498772
209506,-121.785177,42.257152
209542,-123.274723,44.56395
440828,-121.333703,44.042795
127778,-103.544874,37.969984
120403,-118.416615,33.956607
204936,-82.936444,40.125327
107512,-93.052471,34.126093
227331,-98.54365,29.426194
204945,-83.538634,41.587998
247940,-87.082861,37.717355
120421,-119.157604,34.166104
107549,-91.896355,36.053031
177472,-93.279985,37.216479
194310,-74.004719,40.711014
378576,-117.16073,32.778391
236230,-122.440421,47.14516
120768,-118.151323,34.153382
209612,-123.108777,45.521394
136330,-80.05247,26.7044
136358,-80.08653,26.61256
154174,-90.574607,41.529021
246354,-98.543468,29.322955
120698,-122.187437,37.382216
120953,-114.651698,33.661538
120971,-117.183978,33.149483
227386,-94.356355,32.156214
364016,-112.009865,33.652135
227401,-95.529177,33.650929
178721,-94.679041,39.189256
243823,-96.893564,32.880335
147916,-88.290359,40.131963
121044,-118.118196,34.144552
136400,-82.646727,28.2751
186034,-74.168778,40.918449
233019,-79.871133,36.737893
233037,-76.93757,36.674527
176239,-89.543052,30.844322
221643,-84.166504,35.948303
236258,-123.412865,48.101295
442356,-76.247035,40.060419
366252,-77.023665,41.234145
414911,-78.837175,40.26408
136473,-87.200265,30.479267
121150,-118.707077,34.037786
181534,-95.732731,40.474689
199306,-80.283168,35.484696
215123,-75.216092,40.004885
107619,-90.616884,34.546155
105428,-112.088293,33.481361
199324,-78.980607,36.431674
218520,-82.120635,34.207415
140818,-83.542126,34.566042
233116,-78.483707,38.006895
235237,-122.570935,47.172082
443492,-80.192304,39.432199
127820,-104.787261,38.764287
105525,-110.886659,32.222125
105534,-110.878783,32.248067
174570,-92.968283,45.818667
199333,-77.407203,35.550591
155681,-94.702473,37.392071
215415,-80.189404,40.424679
121257,-117.706675,34.104107
183080,-71.690164,43.759573
121309,-117.250265,32.718391
215442,-80.002061,40.438768
138868,-85.184931,32.87912
136516,-81.711873,28.032411
121345,-117.714556,34.099027
241410,-66.617138,18.00165
130174,-73.187731,41.200813
121363,-119.014368,36.049256
209746,-122.730876,45.438154
209807,-122.686289,45.511601
130183,-73.081497,41.535549
237701,-78.981441,39.438323
148007,-87.638943,41.525316
227526,-95.989475,30.092425
155715,-98.714538,37.654451
194578,-73.96431,40.691297
218539,-81.87448,34.465834
105589,-112.477185,34.5452
163657,-76.824623,38.888689
186131,-74.659365,40.348732
217402,-71.437446,41.842742
127884,-104.636258,38.262124
151102,-85.108962,41.117278
489779,-86.928449,40.45655
490805,-87.474236,41.584324
243780,-86.914435,40.428206
199412,-80.833509,35.189051
167525,-71.003476,42.252416
148131,-91.385975,39.938898
130217,-71.889673,41.82623
130226,-72.894117,41.418915
167534,-71.79503,42.31379
233277,-80.549728,37.136907
186201,-74.174086,41.080942
199421,-79.828538,35.672814
233295,-77.478416,37.76043
227687,-98.685215,32.456773
178891,-90.248465,38.653303
233310,-76.623913,37.564425
186645,-74.688127,40.609681
138309,-82.197343,29.140099
448673,-88.998854,42.267628
175014,-94.206254,45.548117
215585,-75.935086,40.334861
127909,-105.150094,39.720277
207069,-97.974592,35.518475
209922,-122.630348,45.480959
117052,-119.458555,36.605428
105659,-111.989357,33.448692
231651,-76.194627,36.801173
167598,-71.310561,42.351291
127918,-105.030756,39.788175
140872,-84.554264,34.319756
475033,-74.013948,40.70563
148256,-88.918283,38.131481
194824,-73.676646,42.729978
236382,-122.176303,47.489206
217420,-71.46556,41.842415
217493,-71.407692,41.825935
221351,-89.990803,35.154405
227757,-95.402035,29.717897
233338,-77.399932,37.156972
148292,-88.894125,39.883887
199449,-79.70964,34.905252
186283,-74.737833,40.278796
175236,-95.07305,45.138313
136774,-82.547803,27.360931
121886,-118.033506,34.019821
105668,-111.97417,33.413309
436304,-90.930804,30.191006
173063,-92.995626,43.676271
121901,-117.384323,33.970918
183211,-71.45626,42.738676
221397,-84.620051,35.880911
233426,-80.055467,37.294861
215655,-80.210468,40.520415
194958,-77.798498,43.125755
199476,-79.00664,34.675194
174738,-92.42321,44.014488
195003,-77.67386,43.084188
170967,-83.144959,42.667521
148380,-88.993544,42.306174
148405,-89.019536,42.270639
179043,-94.573003,39.032318
199485,-79.758353,36.388682
195058,-74.085969,41.133929
180595,-108.554075,45.796522
127945,-105.069911,39.74332
475495,-111.656188,40.211724
480790,-104.815034,39.563516
217518,-71.260374,41.650214
207661,-95.635718,36.321437
209940,-123.39326,42.412159
136950,-81.349239,28.592787
148487,-87.624952,41.876055
145558,-87.859632,42.300069
207670,-97.414113,35.44372
152318,-87.326749,39.483602
445735,-115.064633,36.073182
183877,-74.894464,39.972205
184791,-75.121269,39.781339
184205,-75.057829,39.440537
184782,-75.119119,39.709108
199494,-80.48181,35.639388
167631,-71.09549,42.329249
148511,-87.668581,41.874742
195128,-73.693711,42.72822
186371,-75.12224,39.948064
186380,-74.446251,40.498769
186399,-74.175809,40.739122
122180,-121.491139,38.541096
130253,-73.243332,41.220893
122205,-117.665584,33.553346
172051,-83.964273,43.51176
154235,-90.579854,41.54065
183239,-71.503622,42.986889
199582,-78.621301,35.785468
174783,-94.152657,45.553227
227845,-97.754998,30.229618
186618,-74.438221,40.78182
215743,-78.63904,40.506734
195720,-77.513056,43.116259
137281,-81.681387,29.647516
174792,-94.393621,45.580075
161518,-70.483373,43.826314
215770,-75.238343,39.994442
137032,-82.257801,28.336776
179308,-90.437078,38.745678
179159,-90.2351,38.636801
236452,-122.816354,47.041068
152390,-86.256947,41.707274
123554,-122.109031,37.840731
174817,-91.695449,44.044736
152381,-87.463791,39.508546
231059,-73.167069,44.494558
239716,-88.067812,44.44483
175041,-93.109646,44.949186
186432,-74.071541,40.727105
215798,-79.403762,40.29265
148627,-87.714749,41.707199
167729,-70.890234,42.503575
163851,-75.604815,38.34648
230746,-111.942809,40.671575
214564,-75.129511,40.085774
217536,-71.30124,41.471545
227881,-95.546205,30.714738
102049,-86.791799,33.464128
199625,-78.36006,34.99046
122296,-122.266331,37.82029
227924,-98.497647,29.44634
123527,-117.313248,34.086353
122339,-117.152733,32.717403
122375,-117.169165,32.803825
122384,-117.120261,32.909757
122409,-117.071228,32.77525
122597,-122.476799,37.721224
227979,-95.114677,29.660032
122658,-121.317597,37.995562
122685,-119.384981,36.328049
122746,-121.926185,37.315827
122755,-121.880621,37.336569
188100,-108.169468,36.770446
199634,-79.40635,35.220086
121619,-117.887558,33.759309
122889,-119.698045,34.406788
122931,-121.93784,37.348362
137096,-82.433143,29.681037
188137,-105.998054,35.605871
122977,-118.469765,34.017022
123013,-122.718974,38.45709
399212,-117.766762,33.795449
195304,-73.843727,40.9355
148672,-89.596483,41.817659
140951,-81.09395,32.072964
140960,-81.063377,32.024781
140942,-81.114753,32.023211
195322,-73.950008,42.814412
143048,-87.625758,41.88105
197151,-73.982359,40.738809
172200,-83.430958,42.419279
228042,-99.130586,30.031458
105747,-111.885186,33.51135
123165,-117.711294,34.104147
236513,-122.321231,47.616748
236577,-122.361667,47.650214
236595,-122.318851,47.608859
207740,-96.704908,35.249515
137209,-81.308003,28.745482
186584,-74.246027,40.742336
215947,-79.557433,40.309407
155858,-100.917695,37.059807
123299,-122.317982,40.625731
199643,-78.637693,35.771181
148821,-89.03352,37.270198
205443,-82.993769,38.730867
102067,-87.56148,33.120531
233541,-78.157433,39.167355
237792,-77.804101,39.433071
137245,-80.198024,26.031736
216010,-77.522335,40.057933
236610,-122.358626,47.747402
140988,-85.196529,34.257543
195474,-73.7526,42.717602
172264,-84.018841,41.905624
123341,-121.211688,38.790773
167783,-71.099967,42.3393
154350,-93.563471,41.365503
205470,-84.200628,39.757598
236638,-122.30894,48.437194
195526,-73.785335,43.097035
123509,-122.467335,37.63042
216038,-80.045965,41.062719
167835,-72.638097,42.318111
102076,-86.169897,34.201495
230597,-111.58296,39.360177
110778,-122.10866,37.430325
123563,-122.122368,38.235881
157711,-84.617546,37.059599
123572,-122.677066,38.340274
488077,-111.964106,33.420286
107974,-92.666087,33.209446
218733,-80.848722,33.497968
173911,-94.047428,44.174319
220552,-83.97362,35.958283
219347,-103.205753,44.075439
219356,-96.782139,44.317485
443252,-80.239586,25.780018
137315,-81.508667,27.56974
482699,-82.855231,31.495903
141006,-84.188321,32.116663
434061,-92.050933,30.218616
105792,-112.032635,33.382406
197850,-80.211087,35.000312
228158,-102.365075,33.575904
236656,-122.929578,47.023698
236504,-122.352672,47.5475
149365,-87.619123,41.606427
409315,-98.253634,26.217591
475121,-81.105531,31.999481
156338,-86.476717,36.984827
181640,-96.62818,40.81079
157739,-82.997661,36.966051
179557,-89.531187,37.311107
188003,-104.265536,32.442028
219426,-96.780241,43.570446
199759,-78.513755,35.981858
154378,-91.171881,40.814496
199722,-78.783365,34.331749
148937,-88.436631,37.75174
160612,-90.468676,30.514652
207847,-96.376864,34.006808
368911,-82.365827,32.20393
137564,-81.918382,28.029733
221661,-85.052088,35.048254
107983,-93.235922,33.291618
117672,-117.983401,33.922966
226903,-97.784318,30.226743
130493,-72.947897,41.333225
139986,-84.291662,33.255438
149222,-89.217273,37.714193
149231,-89.997779,38.793949
161545,-70.229182,43.646649
228246,-96.783365,32.843612
206862,-97.629504,35.513295
183026,-71.451842,43.038922
210146,-122.695081,42.185077
487162,-83.9514,30.863799
205966,-83.614085,39.236924
366553,-81.877644,26.596097
446552,-81.399661,28.44862
251260,-85.572382,33.128785
160621,-91.190105,30.524558
160630,-90.044912,30.026162
160649,-93.834559,32.545632
230603,-113.070146,37.674617
233611,-79.35037,37.740368
217776,-82.761586,34.728068
237817,-82.023014,37.851756
233639,-77.917962,36.839066
179326,-93.407056,37.602425
175078,-95.759548,44.45373
176354,-90.443295,31.295121
221485,-90.036723,35.138532
228316,-99.741237,29.219671
451556,-106.413158,31.788346
233648,-81.796682,37.006196
239910,-90.637714,42.976238
228325,-96.853492,32.40443
494603,-97.348233,32.681685
123800,-116.996803,32.640281
155900,-96.975405,37.248608
154396,-94.380906,41.073437
199731,-83.207129,35.348575
143215,-89.924466,38.516406
172307,-86.082715,41.965095
207865,-98.707768,35.535281
210155,-124.25224,43.395327
228343,-97.665738,30.634341
160579,-93.16252,30.217331
157757,-85.757725,38.242407
218830,-81.989811,34.974587
218821,-81.970863,34.955117
141060,-84.411527,33.745279
236692,-117.360065,47.674034
236708,-117.463538,47.676741
148991,-90.07233,40.527991
172334,-84.556074,42.206568
102234,-88.138199,30.694751
167899,-72.556647,42.1022
167905,-72.578514,42.108827
195164,-78.481107,42.080191
175005,-93.183761,44.924926
262031,-90.641105,38.759703
172291,-82.428717,42.979494
174756,-94.175841,45.579065
195216,-75.161343,44.589879
174844,-93.182039,44.461529
137078,-82.636587,27.773264
227854,-98.453285,29.41508
195173,-73.992164,40.693228
195809,-73.796104,40.722523
195544,-73.967664,40.690418
163912,-76.429097,38.190904
228149,-98.562778,29.453244
195243,-73.936799,41.041576
137476,-80.253273,25.922071
446561,-117.857636,33.678879
243744,-122.167359,37.429434
199740,-80.236303,35.339895
205841,-81.439017,40.870597
135391,-82.590887,27.43804
179539,-93.268028,38.696423
177977,-91.814259,38.467699
196176,-74.082188,41.740936
228431,-94.64908,31.621056
137546,-81.300746,29.035475
186867,-74.025334,40.744776
164173,-76.702092,39.421988
186876,-74.531087,39.492036
167996,-71.080632,42.05905
196097,-73.12046,40.91476
438498,-77.083035,38.801799
450377,-86.80574,33.513375
449038,-82.35991,27.997442
458919,-84.275624,33.874236
459994,-77.034001,38.90485
430184,-76.918039,38.827438
453163,-79.882713,36.051694
443784,-74.965749,40.137976
458964,-82.357811,34.85654
443766,-89.899255,35.077513
458973,-97.73985,30.371175
233684,-77.085294,38.890995
366395,-73.056165,40.848963
168005,-71.060917,42.357945
228501,-103.651469,30.363139
195988,-74.667769,41.7641
157793,-85.670489,38.212824
400080,-117.26818,34.072073
137120,-82.500827,27.285486
188438,-73.654813,43.351839
196060,-73.824662,42.685489
196158,-79.337375,42.452236
196219,-73.701955,41.047223
196121,-77.947188,43.211926
189547,-75.908065,42.135872
196130,-78.882125,42.933832
196167,-77.821894,42.796645
196237,-73.571907,40.799021
196194,-76.540798,43.454287
196246,-73.466536,44.69293
196200,-74.973815,44.662148
196033,-74.498258,42.672534
196103,-76.138724,43.034765
196006,-77.794632,42.255262
196015,-75.182906,44.604096
196024,-74.924612,42.269859
190442,-77.072138,42.116736
196149,-76.188655,42.598022
196255,-73.945535,40.653855
196264,-73.782484,43.077283
196291,-73.795309,40.807217
196051,-75.640583,42.893962
196185,-75.063632,42.468861
196112,-75.229841,43.137701
197294,-73.789669,41.068458
199768,-80.716834,36.384334
216278,-76.875329,40.797502
247603,-74.758079,41.067633
216287,-75.354278,39.905159
196413,-76.136975,43.040176
236753,-122.524793,47.244622
124113,-119.459751,35.149343
102298,-86.112704,33.433472
137759,-84.339,30.443866
228529,-98.214866,32.214988
228547,-97.337149,32.757362
152530,-85.497034,40.456246
196468,-73.960194,40.810216
217712,-80.689468,32.420197
228608,-97.350471,31.070715
216339,-75.156859,39.980546
221430,-88.319153,35.221452
221616,-88.919805,35.606795
220640,-85.317248,36.39594
220853,-90.039188,35.150262
221838,-86.828275,36.166321
221847,-85.504039,36.174754
221731,-84.592728,35.446331
206011,-83.157799,41.354111
228699,-94.078,33.441868
226152,-99.436043,27.571172
228723,-96.336475,30.618726
224554,-95.904579,33.242112
224147,-97.32395,27.713723
228705,-97.882387,27.525168
483036,-97.775182,31.053407
459949,-98.52417,29.304762
224545,-94.103617,33.490482
228875,-97.364758,32.70961
228981,-97.982669,29.573261
229063,-95.361113,29.721046
227377,-97.492241,25.899628
487320,-97.08471,31.639295
228459,-97.943029,29.888885
229115,-101.874783,33.583448
229337,-101.891915,33.589284
229160,-97.279613,32.732962
229179,-97.127842,33.226211
216296,-76.288718,40.037951
131283,-76.997909,38.933651
143978,-87.63379,41.888293
455664,-118.257045,34.049478
392257,-95.454298,29.799602
142294,-116.677992,43.652284
187134,-74.778791,40.268651
195234,-73.786661,42.664297
174899,-92.106134,46.816082
206589,-81.934674,40.81046
235167,-122.977492,47.07382
117751,-118.518193,34.381755
193654,-73.997114,40.735508
495767,-77.862848,40.7965
157748,-85.687649,38.248216
100751,-87.545978,33.211875
202763,-83.652313,41.053344
180489,-113.982912,46.859312
180692,-112.639264,45.208306
137847,-82.46483,27.948455
487010,-90.033196,35.138847
221740,-85.300247,35.047519
221759,-83.925852,35.952082
221768,-88.864211,36.340338
228769,-97.11296,32.729718
228778,-97.738273,30.282825
228787,-96.749702,32.984673
228796,-106.504098,31.77015
229027,-98.620657,29.583709
228802,-95.254337,32.315772
229300,-95.403183,29.702873
228644,-98.575655,29.508107
228653,-94.775956,29.310758
229018,-102.329634,31.889509
227368,-98.173567,26.306759
215105,-75.165888,39.946017
221519,-85.920179,35.204719
138354,-87.218511,30.549076
161563,-69.664734,44.524909
187046,-74.768562,40.220487
216366,-75.158266,39.948274
157809,-84.568923,39.022963
141167,-83.963587,30.815576
179645,-90.429769,36.776571
129808,-72.103039,41.509945
233772,-76.289904,36.8501
206048,-83.184197,41.118316
141185,-83.357617,34.593414
196565,-76.287586,42.502006
196592,-73.980813,40.757267
459736,-122.263949,38.085479
459824,-115.024012,36.043189
459727,-118.057754,33.808683
164076,-76.611164,39.393622
210234,-116.974487,44.020811
221892,-86.754238,36.141324
218885,-82.792015,34.641914
441229,-118.302836,34.061409
218894,-80.031276,32.928767
152567,-85.008009,41.632502
414878,-85.106453,41.172352
128258,-104.513451,37.172059
130590,-72.690882,41.747451
149514,-87.880851,42.197945
229267,-98.48186,29.462682
225308,-95.858513,32.196596
131876,-77.004261,38.927398
149532,-87.841056,41.916082
196653,-78.812398,42.846693
102368,-85.957094,31.800672
182500,-119.796975,39.571402
141237,-83.748911,34.596306
178615,-92.581658,40.188267
168148,-71.118293,42.40855
160755,-90.122144,29.940069
207935,-95.90825,36.106788
488934,-95.887481,36.113428
486798,-95.413192,29.950897
130606,-72.87754,41.705498
221953,-82.760818,36.172435
102377,-85.708492,32.4309
229355,-95.284122,32.33601
482291,-119.049925,35.381617
397942,-119.789002,36.782858
393649,-118.287234,33.893016
470038,-117.351755,33.975392
230676,-109.97534,40.299059
196699,-74.128698,41.851218
441371,-82.78558,27.965294
210270,-123.332475,43.289317
196866,-73.928788,42.818097
157863,-83.888477,36.870875
187198,-74.319138,40.668595
221971,-88.858524,35.676896
487481,-112.116121,33.57026
447607,-117.065355,32.608605
468909,-117.943701,33.801877
124681,-118.226206,33.986057
413893,-84.335896,33.574109
447616,-117.90946,34.075984
128328,-104.891358,39.010957
130624,-72.101583,41.375823
197027,-73.763004,40.81357
197036,-73.956603,41.390479
164155,-76.481692,38.980507
447050,-117.154904,32.7769
197018,-73.959113,40.705687
459204,-121.961761,37.50904
161572,-69.332276,44.603165
106041,-112.288123,33.453005
438504,-117.576366,34.082782
366191,-88.104,41.80697
448433,-121.529503,38.64575
445799,-75.685133,40.070513
229416,-95.412113,29.990487
369400,-81.409713,28.424285
493132,-74.180997,40.841102
460543,-97.012741,32.93806
487597,-118.145393,33.826017
243346,-65.983869,18.414805
241739,-66.061647,18.387183
243601,-66.006259,18.239647
243443,-66.059617,18.441166
243577,-66.056084,18.422195
196088,-78.789458,43.000942
200800,-81.511679,41.078551
200846,-81.789979,40.861519
100663,-86.799345,33.505697
100706,-86.640449,34.724557
102553,-149.82619,61.190163
102614,-147.823146,64.85756
102632,-134.638255,58.384846
104179,-110.950815,32.232672
106397,-94.176981,36.070009
106245,-92.339778,34.723254
106485,-91.811153,33.590909
106412,-92.018683,34.244031
106999,-91.615852,35.792923
107585,-92.728507,35.172136
106263,-92.322348,34.750152
107725,-93.596762,33.641665
108092,-94.373729,35.384184
107664,-92.299184,34.782783
161873,-76.616591,39.305834
128744,-73.190166,41.164741
110635,-122.260463,37.871918
110644,-121.749567,38.539667
110398,-122.4157,37.781137
110653,-117.841248,33.648434
110662,-118.442179,34.07178
445188,-120.424944,37.366237
110671,-117.32741,33.97246
110680,-117.235866,32.877749
110699,-122.458489,37.763737
110705,-119.846426,34.416297
110714,-122.058801,36.995584
106704,-92.457672,35.077945
132903,-81.200889,28.602159
176965,-93.737428,38.759111
206941,-97.471508,35.6552
237312,-81.616244,38.333367
144050,-87.599539,41.787994
201955,-84.399956,39.234333
201946,-84.19437,39.080645
201885,-84.51428,39.131159
126614,-105.270823,40.008781
126580,-104.800296,38.892735
126562,-104.837722,39.745149
129020,-72.249948,41.809098
463056,-72.672175,41.762673
436836,-73.542206,41.056081
224323,-96.919512,32.846221
202480,-84.176113,39.739547
130943,-75.752822,39.679577
127060,-104.963259,39.678005
169716,-83.139158,42.414222
153278,-90.693428,42.49726
150534,-87.531644,37.971549
134130,-82.347911,29.64629
484473,-82.339848,29.649413
139959,-83.374039,33.956262
240754,144.803978,13.433047
129525,-72.715213,41.798591
141565,-155.080847,19.701189
141574,-157.818979,21.298598
141839,-156.477252,20.88956
141981,-158.056403,21.35531
160065,-89.99445,29.912003
225511,-95.343537,29.720393
225414,-95.098129,29.582523
225432,-95.359338,29.7661
225502,-96.976334,28.816248
142285,-117.014167,46.727406
145600,-87.650503,41.871837
148654,-89.616796,39.729524
145637,-88.229114,40.104718
151263,-86.133969,39.709571
153658,-91.536425,41.661935
200156,-98.698416,46.914302
155317,-95.247567,38.958549
157085,-84.504747,38.038911
117140,-117.773262,34.100855
160658,-92.020165,30.212191
159993,-92.07374,32.527748
157289,-85.760412,38.216862
232609,-79.181653,37.399774
161253,-68.669332,44.899257
161217,-69.796396,44.337746
161226,-70.147121,44.666911
161235,-68.589319,47.250389
161341,-68.016343,46.672285
437097,-77.072001,38.89743
200217,-100.75274,46.723767
226471,-97.463471,31.066793
232681,-77.476055,38.302492
163338,-75.686852,38.207386
163204,-76.847584,38.912706
163259,-76.623983,39.286864
163268,-76.711607,39.256686
163286,-76.944721,38.988178
262086,-117.769012,33.656401
166708,-71.762144,42.278002
166629,-72.526728,42.385999
166638,-71.036865,42.312881
167987,-71.004552,41.62869
166513,-71.326809,42.652864
220862,-89.938068,35.118878
135726,-80.278662,25.72126
170976,-83.742769,42.275921
171137,-83.231417,42.317287
171146,-83.690276,43.01875
174075,-96.606188,47.802536
174233,-92.084385,46.817126
174251,-95.899729,45.589775
174066,-93.235464,44.972851
176017,-89.537434,34.365529
178396,-92.328843,38.94531
178402,-94.582141,39.034179
178420,-90.311091,38.710312
101693,-88.128934,30.793247
101709,-86.865099,33.10625
199069,-78.069388,35.208166
204185,-81.111029,40.905256
181215,-99.098699,40.701452
181394,-96.008516,41.258769
181428,-95.973966,41.256312
181464,-96.700508,40.817598
182281,-115.138462,36.106047
182290,-119.815377,39.543642
161457,-70.38535,43.458591
183044,-70.932465,43.135934
129941,-72.961472,41.291314
187958,-108.727252,35.502662
187985,-106.620155,35.083868
188225,-105.651709,36.348861
188049,-106.705371,34.728683
159939,-90.067142,30.027704
101879,-87.681361,34.806738
199111,-82.565392,35.617068
199120,-79.050969,35.911769
199139,-80.730919,35.306022
199148,-79.809414,36.068236
199281,-79.200347,34.688313
199184,-80.235672,36.076183
199218,-77.875527,34.225223
200280,-97.071738,47.921654
136172,-81.509144,30.27194
482680,-83.985694,34.530219
227216,-97.148422,33.211178
484905,-96.803446,32.659588
228909,-97.369138,32.749907
127741,-104.692777,40.410855
154095,-92.459703,42.514923
204486,-84.157004,40.762917
174491,-93.167822,45.033703
152080,-86.238959,41.703058
207342,-97.496289,35.47928
207500,-97.444211,35.209407
209551,-123.075792,44.045146
215062,-75.19391,39.950929
484613,-112.012761,33.41128
484631,-117.58377,34.065748
157535,-82.521063,37.479232
215266,-78.673701,41.943415
215275,-79.532676,40.276447
215284,-78.834163,40.265957
215293,-79.953254,40.444388
209825,-122.726691,45.572724
243212,-66.606215,17.993314
243106,-67.13793,18.498652
243115,-66.74114,18.469199
243133,-66.143541,18.371398
243142,-65.990165,18.392069
243151,-66.162066,18.11882
243179,-65.838602,18.146589
243197,-67.139172,18.211142
243203,-66.074894,18.396548
243221,-66.050009,18.402826
236328,-122.478982,47.26308
121691,-117.163218,34.064218
217484,-71.527356,41.484691
233374,-77.538806,37.577393
205203,-82.378852,38.881764
195030,-77.631202,43.126397
152336,-85.177246,41.087205
130314,-72.72965,41.781041
155812,-94.906743,39.279396
122436,-117.192073,32.770816
122612,-122.450477,37.776618
215929,-75.656915,41.406556
219383,-96.738229,43.531574
102094,-88.178711,30.696033
218645,-81.767612,33.572704
218654,-80.973595,32.303308
218663,-81.026935,33.996788
218672,-80.787069,34.736282
218690,-80.373459,33.934698
218706,-81.621042,34.717771
218742,-81.970583,34.996403
219471,-96.925283,42.786019
137351,-82.413232,28.061458
123961,-118.284169,34.021281
151306,-87.677214,37.962374
161554,-70.274247,43.662863
176372,-89.331236,31.32661
148584,-88.096057,41.532225
174914,-93.188986,44.943439
227863,-95.393102,29.736438
367954,-117.165964,33.151849
228635,-96.841156,32.812307
156541,-84.161646,36.737048
131399,-77.066247,38.943819
225627,-98.46583,29.46708
120883,-121.312301,37.981424
488846,-118.138047,34.146167
215132,-75.207001,39.946412
188182,-103.186948,32.775496
243665,-64.972866,18.344193
206084,-83.614714,41.660572
207971,-95.945941,36.152324
230764,-111.846044,40.762484
231174,-73.196646,44.477325
233897,-82.559656,36.970602
234076,-78.503428,38.035665
377555,-122.191293,47.759773
236948,-122.30514,47.65538
377564,-122.438541,47.244594
101587,-88.186329,32.588132
141334,-85.097762,33.573621
210438,-122.580586,45.536519
240268,-91.501906,44.798284
240277,-87.919973,44.532298
240329,-91.23186,43.81568
240444,-89.404098,43.075409
240453,-87.880488,43.076848
240365,-88.549369,44.026206
240374,-87.855231,42.647718
240462,-90.48622,42.733451
240471,-92.622641,44.8534
240480,-89.570934,44.529582
240417,-91.926653,44.873187
240426,-92.091007,46.717629
240189,-88.742368,42.835563
240727,-105.57931,41.311773
154493,-91.799543,42.838283
196307,-76.140009,43.041819
216524,-75.456505,40.193023
206349,-81.465118,41.497035
446604,-74.161179,41.333864
230728,-111.81391,41.740748
230737,-111.716456,40.281078
197045,-75.272916,43.096213
141264,-83.289282,30.847402
138187,-81.471466,28.520898
200572,-98.00389,46.918517
152600,-87.040172,41.462239
199838,-78.487651,36.323887
221999,-86.803369,36.14659
123651,-117.900911,33.662686
197133,-73.895088,41.686895
188340,-73.881721,40.768348
125028,-119.230604,34.277393
231165,-72.604498,43.939623
229504,-99.319094,34.159298
125091,-117.261456,34.472231
229540,-96.979226,28.816446
216597,-75.340502,40.036463
152637,-87.523407,38.686318
234030,-77.452697,37.54962
233903,-82.001118,36.698866
234085,-79.437067,37.7896
233754,-76.420046,37.063821
233921,-80.423675,37.229012
234155,-77.419026,37.234692
234164,-77.450903,37.562405
234173,-76.18606,36.868417
233949,-79.973011,37.245029
365204,-106.411952,31.786912
240107,-91.244297,43.803133
222053,-86.497127,36.362518
197197,-74.092913,40.615588
199847,-80.277446,36.133609
199856,-78.706126,35.650151
125231,-93.265738,44.98125
154518,-93.641714,43.262923
236887,-118.276505,46.078557
236896,-118.389555,46.048088
172608,-83.147197,42.573888
206437,-81.369931,40.873908
222062,-83.262503,36.213179
245625,-75.018309,40.744812
154527,-92.483387,42.7277
155423,-95.751158,39.04497
156082,-95.702222,39.033778
216667,-80.24049,40.170622
234207,-79.443018,37.788939
164216,-76.06878,39.217329
206446,-81.43392,39.430824
236939,-117.158168,46.730448
179867,-90.310604,38.647929
172617,-83.66559,42.26361
149727,-88.459925,41.795955
240125,-88.256292,43.071444
229780,-101.730042,34.187677
199892,-77.945873,35.403079
172635,-83.054497,42.327299
181783,-97.015122,42.241556
172644,-83.068998,42.358994
216694,-80.186205,39.899871
229799,-97.792629,32.74133
230782,-111.944845,41.192591
179894,-90.345151,38.588875
190424,-73.954839,40.764738
168218,-71.306605,42.291554
236975,-120.337198,47.431234
168227,-71.094983,42.336632
130697,-72.657146,41.554665
216764,-75.59812,39.953398
477039,-96.873805,32.82746
443331,-118.39941,34.187134
485272,-80.347651,25.81071
458229,-117.590035,34.066591
458210,-117.911811,33.81104
139278,-85.183666,33.691657
125462,-120.356747,36.147891
448594,-119.823866,36.292431
157483,-88.658762,37.054081
237932,-80.602256,40.164417
125471,-118.386664,34.004512
172671,-86.336122,44.008512
229814,-101.914736,34.982789
125499,-122.008324,37.26398
238014,-80.721263,40.063318
237899,-81.765034,38.380541
238032,-79.954391,39.634371
237686,-81.506192,39.216379
237950,-81.184072,37.775924
237969,-80.218969,38.990661
490133,-117.847973,33.685537
200004,-83.186258,35.308979
128391,-106.919132,38.549936
130776,-73.444264,41.400365
219480,-103.179501,44.076648
433387,-111.869752,40.68481
149772,-90.686899,40.468086
154572,-96.348874,42.482953
157951,-86.456828,36.985035
172699,-85.613759,42.282194
181817,-103.64249,41.875705
182564,-119.79036,39.186158
168254,-72.520466,42.115017
188304,-108.283284,32.7767
208035,-99.33699,34.669018
210429,-123.238309,44.852235
199908,-81.687345,35.722876
240170,-91.246191,43.815309
224679,-106.319269,31.675953
229832,-100.914945,32.678458
112525,-117.747732,34.058092
237011,-122.485734,48.737812
240693,-109.237126,41.590964
168263,-72.796503,42.132698
216807,-80.331017,41.119272
230807,-111.855757,40.730779
125727,-119.662517,34.450151
216825,-79.564897,40.234321
229841,-96.085815,29.3238
237039,-122.493253,48.7939
149781,-88.099643,41.870176
168281,-71.183979,41.966637
237057,-118.331546,46.069815
125763,-118.032299,33.978773
237066,-117.416714,47.753358
156125,-97.292361,37.718882
156107,-97.224151,37.75764
156134,-97.371819,37.656976
216852,-75.355363,39.861689
199926,-81.182994,36.136617
216931,-75.890262,41.244199
210401,-123.030537,44.935457
231624,-76.708214,37.269489
176479,-89.291815,31.305264
122728,-121.292312,38.819728
187444,-74.200248,40.945255
154590,-92.647095,41.310111
149842,-88.072811,42.081829
179964,-91.950416,38.860287
168342,-73.203132,42.712725
206507,-83.818342,39.444744
131113,-75.586998,39.682299
217013,-77.650712,39.949659
199953,-77.895663,35.730114
141990,-157.813307,21.407051
199962,-80.44305,34.986064
175272,-91.643723,44.046159
199999,-80.225033,36.089554
218964,-81.031404,34.941515
141255,-83.35381,30.889221
240338,-88.022718,43.036943
206525,-83.815445,39.934029
218973,-81.933568,34.959411
125897,-118.341147,34.208011
455512,-121.73533,38.660392
164313,-75.499659,38.373723
168421,-71.808339,42.274853
168430,-71.844018,42.267526
206613,-84.509194,40.546074
206604,-84.064881,39.780634
234377,-81.071181,36.95731
206622,-84.47465,39.149547
160904,-90.107307,29.964162
237109,-120.528525,46.586098
130794,-72.926688,41.311158
106148,-112.453395,34.547495
197708,-73.929873,40.850605
217059,-76.727984,39.94614
420440,-70.590783,43.306797
218991,-80.995273,34.934416
141361,-83.84587,34.933523
206695,-80.64659,41.104928
126119,-121.53964,39.126536
204255,-82.031198,39.96241
